,Givenname,Surname,SamAccountName
0,Taylor Swift, ,taylorswift
1,Kylie Jenner, ,kyliejenner
2,Kanye West, ,kanyewest
3,Lionel Messi, ,lionelmessi
4,Ed Sheeran, ,edsheeran
5,Cristiano Ronaldo, ,christianoronaldo
6,Neymar, ,neymar
7,Dr. Phil McGraw, ,philmcgraw
8,Canelo Alvarez, ,caneloalvarez
9,Roger Federer, ,rogerfederer
10,Howard Stern, ,howardstern
11,J.K. Rowling, ,jkrowling
12,Russell Wilson, ,russelwilson
13,Dwayne Johnson, ,dwaynejohnson
14,Aaron Rodgers, ,aaronrodgers
15,LeBron James, ,lebronjames
16,Elton John, ,eltonjohn
17,Jay Z, ,jayz
18,Beyonce, ,beyonce
19,Ellen DeGeneres, ,ellendegeneres
20,Stephen Curry, ,stephencurry
21,Chris Hemsworth, ,chishemsworth
22,Drake, ,drake
23,Kim Kardashian, ,kimkardashian
24,Ryan Seacrest, ,ryanseacrest
25,Sean Combs, ,seancombs
26,Robert Downey Jr., ,robertdowney
27,Kevin Durant, ,kevindurant
28,Akshay Kumar, ,akshaykumar
29,Tiger Woods, ,tigerwoods
30,Gordon Ramsay, ,gordonramsayÂ®
31,Rihanna, ,rihanna
32,David Copperfield, ,davidcopperfield
33,Kevin Hart, ,kevinhart
34,Jackie Chan, ,jackiechan
35,Travis Scott, ,travisscott
36,Katy Perry, ,katyperry
37,Justin Timberlake, ,justintimberlake
38,Bradley Cooper, ,bradleycooper
39,Pink, ,pink
40,Adam Sandler, ,adamsandler
41,Scarlett Johansson, ,scarlettjohansson
42,Ben Roethlisberger, ,benroethlisberger
43,Lewis Hamilton, ,lewishamilton
44,Anthony Joshua, ,anthonyjoshua
45,Khalil Mack, ,khalilmack
46,Bruno Mars, ,brunomars
47,Eminem, ,eminem
48,Judy Sheindlin, ,judysheindin
49,Ariana Grande, ,arianagrande
50,Paul McCartney, ,paulmccartney
51,Conor McGregor, ,conormcgregor
52,Chris Evans, ,chrisevans
53,Jennifer Lopez, ,jenniferlopez
54,Sofia Vergara, ,sofiavergara
55,Sebastian Vettel, ,sebastianvettel
56,DJ Kahled, ,djkahled
57,Lady Gaga, ,ladygaga
58,Calvin Harris, ,calvinharris
59,Celine Dion, ,celinedion
60,Johnny Depp, ,johnnydepp
61,Arnold Schwarzenegger, ,arnold
62,Emma Watson, ,emmawatson
63,Leonardo DiCaprio, ,leonardodicaprio
64,Brad Pitt, ,bradpitt
65,Tom Hanks, ,tomhanks
66,Will Smith, ,willsmith
67,Cameron Diaz, ,camerondiaz
68,George Clooney, ,georgeclooney
69,Robert De Niro, ,robertdeniro
70,Kate Winslet, ,katewinslet
71,Mark Wahlberg, ,markwahlberg
72,Angelina Jolie, ,angelinejolie
73,Natalie Portman, ,natalieportman
74,Orlando Bloom, ,orlandobloom
75,Jessica Alba, ,jessicaalba
76,Keira Knightley, ,keirakightley
77,Julia Roberts, ,juliaroberts
78,Daniel Craig, ,danielcraig
79,Halle Berry, ,halleberry
80,Megan Fox, ,meganfox
81,Mila Kunis, ,milakunis
82,Vin Diesel, ,vindiesel
83,Selena Gomez, ,selenagomez
84,Jean-Claude Van Damme, ,jeanclaude
85,Sandra Bullock, ,sandrabullock
86,Oprah Winfrey, ,oprahwinfrey
87,Jake Gyllenhaal, ,jakegyllen
88,Jason Statham, ,jasonstatham
89,Hillary Clinton, ,hillaryclinton
90,Angela Merkel, ,angelamerkel
91,Rowan Atkinson, ,rowanaktison
92,Marlon Brando, ,marlonbrando
93,Michelle Obama, ,michelleobama
94,Barack Obama, ,barackobama
95,Marilyn Monroe, ,marilynmonroe
96,J.F. Kennedy, ,jfkennedy
97,Nicki Minaj, ,nickiminaj
98,Justin Bieber, ,justinbieber
99,Lucy Liu, ,lucyliu
100,Martin Garrix, ,martingarrix
101,Avicii, ,avicii
102,John Lennon, ,johnlennon
103,Mark Zuckerberg, ,markzuckerberg
104,Sophie Turner, ,sophieturner
105,Emelia Clarke, ,emeliaclarke
106,Kitt Haring, ,kittharing
107,Monica Belucci, ,monicabelucci
108,Ali B, ,alib
109,Najib Amhali, ,najibamhali
110,YesR, ,yesr
111,Max Verstappen, ,maxverstappen
112,Yvon Jaspers, ,yvonjaspers
113,Andre van Duin, ,andrevanduin
114,Andre Hazes, ,andrehazes
115,Briget Maasland, ,birgetmaasland
116,Hulk Hogan, ,hulkhogan
117,Renee Zellweger, ,reneezellweger
118,Olcay Gulsen, ,oclaygulsen
119,Simon Keizer, ,simonkeizer
120,Nick Schilder, ,nickschilder
121,Jan Smit, ,jansmit
122,"
David Beckham""", ,davidbeckham
123,Victory Beckham, ,victoriabeckham
124,Prins Harry, ,prinsharry
125,Meghan Markle, ,meghanmarkle
126,Prins Charles, ,prinscharles
127,Willem Alexander, ,willemalexander
128,Princess Beatrix, ,beatrix
129,Princess Amalia, ,amalia
130,Katja Schuurman, ,katjiaschuurman
131,Queen Elizabeth, ,queenelizabeth
132,Monica Geuze, ,monicageuze
133,Lars Veldwijk, ,larsveldwijk
134,Patty Brard, ,pattybrand
135,Martien Meiland, ,meiland
136,Kate Middleton, ,katemiddleton
137,Prins William, ,prinswilliam
138,Lee towers, ,leetowers
139,Chrissy Teigen, ,chrissyteigen
140,John Legend, ,johonlegend
141,Armin van Buuren, ,arminbuuren
142,Jim Bakkum, ,jimbakkum
143,Froukje Both, ,froukjeboth
144,Kylie Minogue, ,minogue
145,Glennis Britt Dekker, ,glennisdekker
146,Freek Vonk, ,freekvonk
147,Matthijs van Nieuwkerk, ,matthijs
148,Eva Jinek, ,evajinek
149,Jimmy Fallon, ,jimmyfallon
150,Caroline Tensen, ,carolinetensen
151,Carlo Bozhardt, ,carloboz
152,Irene Moors, ,irenemoors
153,Thijs Romer, ,thijsromer
154,Alicia Keys, ,aliciakeys
155,Chantal Janzen, ,chantaljanzen
156,Linda de Mol, ,lindamol
157,Silvie Meis, ,silvie
158,Doutzen Kroes, ,doutzenkroes
159,Marco Borsato, ,marcoborsato
160,Leontien Borsato, ,borsato
161,Frans Bauer, ,fransbauer
162,Guus Meeuwis, ,guusmee
163,Rene Froger, ,renefroger
164,Natasja Froger, ,natasjafroger
165,Famke Louise, ,famkelouise
166,Mariska Bauer, ,mariskabauer
